<?xml version="1.0" encoding="UTF-8"?>
<project-private xmlns="http://www.netbeans.org/ns/project-private/1">
    <editor-bookmarks xmlns="http://www.netbeans.org/ns/editor-bookmarks/2" lastBookmarkId="0"/>
    <open-files xmlns="http://www.netbeans.org/ns/projectui-open-files/2">
        <group>
            <file>file:/X:/COMP%20122%20NETBEANS/Mid-Term/src/MidTerm1b.java</file>
            <file>file:/X:/COMP%20122%20NETBEANS/Mid-Term/src/MidTerm2d.java</file>
            <file>file:/X:/COMP%20122%20NETBEANS/Mid-Term/src/MidTerm2a.java</file>
            <file>file:/X:/COMP%20122%20NETBEANS/Mid-Term/src/MidTerm1.java</file>
            <file>file:/X:/COMP%20122%20NETBEANS/Mid-Term/src/MidTerm2c.java</file>
            <file>file:/X:/COMP%20122%20NETBEANS/Mid-Term/src/MidTerm2b.java</file>
        </group>
    </open-files>
</project-private>
